id,link,title,date,summary,organization,sentiment,initiative,language,themes
298,https://africa.iclei.org/workstreams/biodiversity-nature-and-health/,"Nature, biodiversity and health - ICLEI Africa",,"ICLEI Africa's Biodiversity, Nature, and Health team focuses on supporting African cities by integrating biodiversity into urban processes and decision-making. They aim to improve human health and well-being by connecting urban communities with nature. Africa boasts a rich biodiversity, representing approximately a quarter of global biodiversity, and hosting eight of the world's...",AFRICA,Positive,Bio-innovation Africa,English,"Biodiversity Conservation, Ecosystem Restoration, Technology Transfer, Sustainable Development, Job Creation, Capacity Building, Policy Development"
297,https://www.youtube.com/watch?v=-lcz1vC96wM,- YouTube,2024-03-06,"YouTube is a platform owned by Google LLC that allows users to watch, create, and share videos. It offers various features and policies to ensure privacy and safety for its users.",YOUTUBE,Neutral,Unknown Initiative,English,Policy Development
296,https://scienceforafrica.foundation/media-center/partnership-safeguard-african-biodiversity-through-genomics,Partnership to safeguard African biodiversity through genomics | Science for Africa Foundation,2023-02-10,"Partnership to safeguard African biodiversity through genomics by Science for Africa Foundation. The organization focuses on various science areas and programmes such as Leadership for African Research Networks, Science Innovation, Translation and Entrepreneurship, Clinical Research & Trials Community, and Science Collaboratives for Pandemics and Epidemics.",SCIENCEFORAFRICA,Positive,Bio-innovation Africa,English,"Poverty Alleviation, Private Sector Engagement, Technology Transfer, Sustainable Development, Capacity Building, Policy Development"
295,https://genedrivenetwork.org/blog/how-can-innovative-approaches-be-leveraged-to-address-biodiversity-and-health-challenges/,How can innovative approaches be leveraged to address biodiversity and health challenges? - Gene Drive Network,2024-05-18,"The Outreach Network for Gene Drive Research recently co-hosted a side-event at the Convention on Biological Diversity’s 26th meeting of the Subsidiary Body on Scientific, Technical, and Technological Advice (SBSTTA-26) in Nairobi, Kenya.",GENEDRIVENETWORK,Positive,Bio-innovation Africa,English,"Biodiversity Conservation, Technology Transfer"
294,https://www.conservation.org/priorities/biodiversity-hotspots,Biodiversity Hotspots,2019-01-10,"Biodiversity Hotspots are places on Earth that are biologically rich and deeply threatened. It is important to protect these areas as species are essential for Earth's life-support systems. However, the planet's biodiversity is facing a crisis due to development and urbanization. Targeted investment in these hotspots is crucial for conservation efforts.",CONSERVATION,Neutral,Bio-innovation Africa,English,Technology Transfer
293,https://www.biofin.org/news-and-media/south-african-biodiversity-investment-portal-has-secured-its-first-investments,South African Biodiversity Investment Portal has secured its first investments to promote biodiversity conservation and community well-being | BIOFIN,2024-03-14,"The South African Biodiversity Investment Portal has secured its first investments to promote biodiversity conservation and community well-being. In 2022, the South African Government, with the support of the UNDP-Biodiversity Finance Initiative (UNDP-BIOFIN), initiated this effort.",BIOFIN,Positive,Bio-innovation Africa,English,"Biodiversity Conservation, Technology Transfer, Sustainable Development"
292,https://www.weforum.org/stories/2023/09/what-are-biodiversity-hotspots/,What are biodiversity hotspots and why do they matter? | World Economic Forum,2023-09-05,"More than two-fifths of the species found in biodiversity hotspots are at high risk of extinction. These places are biologically rich and deeply threatened, covering just 2.5% of Earth's land surface but supporting over half of the world's plant species as endemics.",WEFORUM,Negative,Bio-innovation Africa,English,"Poverty Alleviation, Private Sector Engagement, Value Chains"
291,https://www.sei.org/features/the-bioeconomy-can-help-climate-resilient-development-in-africa-and-the-world/,The bioeconomy can help climate-resilient development in Africa and the world | SEI,2024-10-18,"The bioeconomy can help climate-resilient development in Africa and the world. Africa's biodiversity offers untapped potential for adaptive, sustainable development. One way to harness this potential is through adopting a bioeconomy perspective, via financial incentives, efforts to support youth, and multilateral cooperation, all discussed at the recent ""Bioeconomy for a climate resilient development"" event.",SEI,Positive,Bio-innovation Africa,English,"Biodiversity Conservation, Poverty Alleviation, Private Sector Engagement, Technology Transfer, Sustainable Development, Job Creation, Policy Development"
290,https://www.nepad.org/news/integrate-biotechnology-africas-agricultural-development,Integrate biotechnology into Africa’s agricultural development | AUDA-NEPAD,2020-11-04,"Integrate biotechnology into Africa’s agricultural development. The value chain system needs support from research to commercialization of biotechnology products. African governments, regional economic communities, and development agencies have been urged to prioritize this integration.",NEPAD,Positive,Unknown Initiative,English,"Poverty Alleviation, Technology Transfer, Capacity Building, Policy Development, Value Chains"
289,https://www.imf.org/en/About/Factsheets/imf-capacity-development,IMF Capacity Development,,"IMF Capacity Development focuses on various topics such as Surveillance, Lending, and Governance. It also includes resources like IMF Factsheets, Financial Statements, and job opportunities. The initiative covers themes like Private Sector Engagement, Technology Transfer, Capacity Building, and Policy Development.",IMF,Positive,ABS Capacity Development Initiative,English,"Private Sector Engagement, Technology Transfer, Capacity Building, Policy Development"
288,https://sdgs.un.org/publications/innovation-sustainable-development-local-case-studies-africa-16924,Innovation for Sustainable Development: Local Case Studies from Africa | Department of Economic and Social Affairs,,Innovation for Sustainable Development: Local Case Studies from Africa highlights various innovative approaches for sustainable development at the local level in Africa. This publication was released in 2008 by the United Nations Department of Economic and Social Affairs. The case studies focus on showcasing successful initiatives and strategies that contribute to sustainable development in Africa.,SDGS,Positive,Unknown Initiative,English,"Technology Transfer, Sustainable Development, Policy Development"
287,https://www.brookings.edu/articles/advancing-tech-innovation-and-ai-governance-in-africa/,"Advancing tech, innovation, and AI governance in Africa",2024-10-16,"Advancing tech, innovation, and AI governance in Africa. The website discusses various sections related to technology, innovation, and AI governance in Africa. It also offers downloads and a full transcript for further information.",BROOKINGS,Positive,Unknown Initiative,English,"Private Sector Engagement, Technology Transfer, Sustainable Development, Job Creation, Policy Development, Value Chains"
286,https://ggin.stimson.org/lib/institution/the-global-governance-innovation-network/,the Global Governance Innovation Network – GGIN,2024-03-04,The Global Governance Innovation Network (GGIN) focuses on technology transfer and policy development.,GGIN,Positive,Unknown Initiative,English,"Technology Transfer, Policy Development"
285,https://futures.issafrica.org/blog/2025/Africas-agency-in-a-contested-world,Africa’s agency in a contested world - ISS African Futures,2025-02-27,"Africa’s agency in a contested world - ISS African Futures
Four worlds, one call to action: Africa’s ability to shape its future depends on strategic choices, not circumstances. Attending the Munich Security Conference earlier this month underscored just how sharply global power dynamics are shifting. The extent to which US Vice-President JD Vance lashed out at Europe would otherwise have been comical.",FUTURES,Neutral,Unknown Initiative,English,"Private Sector Engagement, Technology Transfer, Sustainable Development, Capacity Building, Policy Development"
284,https://www.youtube.com/watch?v=9R0i7ouQi_w,- YouTube,2024-03-06,"YouTube is a platform owned by Google LLC that allows users to watch, create, and share videos. It offers various features and policies to ensure privacy and safety for its users.",YOUTUBE,Neutral,Unknown Initiative,English,Policy Development
283,https://unu.edu/article/ais-critical-digital-transformation-role-public-governance,AI’s Critical Digital Transformation Role in Public Governance | United Nations University,2024-12-11,"AI's Critical Digital Transformation Role in Public Governance | United Nations University
In a commentary article published by Business Day (South Africa), Busani Ngcaweni and UNU Rector Tshilidzi Marwala discuss how African governments must work collectively under the African Union's frameworks to prioritize investments in digital infrastructure, foster public-private partnerships, and align national policies with continental strategies.",UNU,Positive,Unknown Initiative,English,"Private Sector Engagement, Job Creation"
282,https://acetforafrica.org/research-and-analysis/insights-ideas/articles/the-bioeconomy-and-natural-capital-as-agenda-items-for-global-finance-reforms/,The bioeconomy and natural capital as agenda items for global finance reforms - ACET,2024-07-11,"The bioeconomy and natural capital are being considered as agenda items for global finance reforms by the African Center for Economic Transformation (ACET). The organization is focusing on issues related to innovation, digital policy, and geography in Africa. The initiative, Bio-innovation Africa, aims to promote private sector engagement, technology transfer, sustainable development, job creation, and policy development.",ACETFORAFRICA,Neutral,Bio-innovation Africa,English,"Private Sector Engagement, Technology Transfer, Sustainable Development, Job Creation, Policy Development"
281,https://www.undp.org/africa/publications/africa-governance-and-development-outlook-2024,Africa Governance and Development Outlook 2024 | United Nations Development Programme,2024-03-20,Africa Governance and Development Outlook for 2024 focuses on the need for continental leaders in government and business to work together for the African continent's success. The report can be downloaded as a PDF from the United Nations Development Programme website.,UNDP,Neutral,Unknown Initiative,English,"Private Sector Engagement, Sustainable Development"
280,https://africanstudies.org/institutional-member/centre-for-international-governance-innovation/,Centre for International Governance Innovation,2025-01-29,"The Centre for International Governance Innovation (CIGI) is an independent, non-partisan think tank that conducts peer-reviewed research, foresight, and analysis to influence policy makers. CIGI engages a global network of experts to address governance challenges and opportunities related to data, transformative technologies such as AI, and their impact on the economy and security.",AFRICANSTUDIES,Negative,Unknown Initiative,English,"Technology Transfer, Policy Development"
279,https://www.policycenter.ma/publications/africa-new-south-and-global-governance-challenges-and-opportunities,"AFRICA, THE NEW SOUTH AND GLOBAL GOVERNANCE: Challenges and Opportunities",2025-02-24,"The Policy Center for the New South (PCNS) has been advocating for over a decade for the pooling of expertise, perspectives, and resources to benefit developing nations in Africa and around the South Atlantic.",POLICYCENTER,Neutral,Unknown Initiative,English,"Technology Transfer, Job Creation, Policy Development, Value Chains"
278,https://www.un.org/osaa/ru/node/1668,What will the Pact for the Future mean for Africa? | Канцелярия Специального советника по Африке,2024-09-27,"What will the Pact for the Future mean for Africa? Unpacking the Pact for the Future and its implications for Africa. In-person seminar on the sidelines of the Summit of the Future on 27 September 2024, from 10 a.m.",UN,Neutral,Unknown Initiative,English,"Technology Transfer, Sustainable Development, Policy Development"
277,https://isla.nd.edu/about/research-labs/african-governance-research-innovation-collaborative/,African Governance Research Innovation Collaborative | Research Innovation Collaboratives | About | Institute for Scholarship in the Liberal Arts | University of Notre Dame,,"The African Governance Research Innovation Collaborative at the Institute for Scholarship in the Liberal Arts at the University of Notre Dame focuses on addressing the persistent decline of democracy in Africa. The project examines historical factors, localized governance systems, and contemporary social movements.",ISLA,Positive,Unknown Initiative,English,"Technology Transfer, Policy Development"
276,https://www.africanleadershipmagazine.co.uk/making-global-governance-work-for-africa/,Making Global Governance Work for Africa - African Leadership Magazine,2025-03-21,"The global governance system is seen as a way to tackle transnational challenges. However, Africa, with its potential and historical burdens, needs to make it work for the continent.",AFRICANLEADERSHIPMAGAZINE,Positive,ABS Capacity Development Initiative,English,"Technology Transfer, Sustainable Development, Capacity Building, Policy Development"
275,https://www.youtube.com/watch?v=YyPACVtJiXU,- YouTube,2024-03-06,"YouTube is a platform owned by Google LLC that allows users to watch, upload, and share videos. It offers various features and policies to ensure privacy and safety for its users.",YOUTUBE,Neutral,Unknown Initiative,English,Policy Development
274,https://acetforafrica.org/research-and-analysis/insights-ideas/articles/africas-strategic-role-in-strengthening-global-governance/,Africa's Strategic Role in Strengthening Global Governance - ACET,2024-04-12,"Africa plays a strategic role in strengthening global governance, as highlighted by the African Center for Economic Transformation. The continent's involvement is crucial in areas such as innovation, digital policy, private sector engagement, technology transfer, sustainable development, job creation, and policy development.",ACETFORAFRICA,Neutral,Unknown Initiative,English,"Private Sector Engagement, Technology Transfer, Sustainable Development, Job Creation, Policy Development"
273,https://www.brookings.edu/articles/how-to-make-the-global-governance-system-work-better-for-africa/,How to make the global governance system work better for Africa,2020-01-31,How to make the global governance system work better for Africa.,BROOKINGS,Positive,ABS Capacity Development Initiative,English,Policy Development
272,https://www.landislife.org/africa/,Africa - Land Is Life,,"Africa - Land Is Life. It is estimated that there are some 50 million Indigenous persons in Africa; their territories cover a variety of ecosystems, including grasslands, forests, coastal areas, and deserts. Their livelihoods include herding, hunting and gathering, small-scale farming, and fishing. Challenges Indigenous Peoples in Africa are among the most marginalized Peoples in the world.",LANDISLIFE,Negative,Bio-innovation Africa,English,"Poverty Alleviation, Indigenous Knowledge"
271,https://www.ncronline.org/earthbeat/justice/africas-congo-basin-indigenous-peoples-lose-homes-conservation-efforts,"In Africa's Congo Basin, Indigenous peoples lose homes to conservation efforts | National Catholic Reporter",2024-10-30,"In Africa's Congo Basin, Indigenous peoples are losing their homes due to conservation efforts. This has led to displacement and challenges for these communities.",NCRONLINE,Neutral,Bio-innovation Africa,English,"Biodiversity Conservation, Poverty Alleviation, Private Sector Engagement, Indigenous Knowledge, Policy Development"
270,https://rightsandresources.org/event-indigenous-peoples-and-local-communities-to-host-africas-first-ever-community-led-conservation-congress/,"EVENT — Africa’s First-Ever Community-led Conservation Congress Begins in Namibia - Rights + Resources - Supporting Forest Tenure, Policy, and Market Reforms",2023-10-03,"Africa’s First-Ever Community-led Conservation Congress began in Namibia on October 25-27, 2023. The event aimed to support forest tenure, policy, and market reforms, helping to define a roadmap for the emerging Alliance for Indigenous Peoples and Local Communities.",RIGHTSANDRESOURCES,Neutral,ABS Capacity Development Initiative,English,"Poverty Alleviation, Private Sector Engagement, Technology Transfer, Indigenous Knowledge, Capacity Building, Policy Development"
269,https://transformativepathways.net/regions/africa/,Africa - Transformative Pathways,2023-06-07,"Africa Indigenous peoples across Africa are facing significant challenges in maintaining their traditional ways of life and protecting their lands and natural resources, such as extractivism and exclusionary conservation. In Africa, we partner with the Indigenous Information Network (IIN) and the Chepkitale Indigenous Peoples Development Programme (CIPDP) in Kenya, who are working to address these issues. Read more Explore world ...",TRANSFORMATIVEPATHWAYS,Neutral,Bio-innovation Africa,English,"Biodiversity Conservation, Poverty Alleviation, Sustainable Development, Indigenous Knowledge, Capacity Building, Policy Development"
268,https://www.ipacc.org.za/environmental-and-climate-justice/,Environmental and Climate Justice - The Indigenous Peoples of Africa Co-ordinating Committee,2019-07-08,"Environmental and Climate Justice - The Indigenous Peoples of Africa Co-ordinating Committee promotes African Indigenous peoples' rights and participation in environmental conservation and climate justice. They also aim to promote human rights and gender equality among African Indigenous peoples. The organization supports a regional network of African indigenous peoples' organizations that is democratic, transparent, and effective.",IPACC,Neutral,ABS Capacity Development Initiative,English,"Sustainable Development, Indigenous Knowledge"
267,https://international-partnerships.ec.europa.eu/news-and-events/stories/protecting-wildlife-and-indigenous-peoples-livelihoods-democratic-republic-congo_en,Protecting wildlife and indigenous peoples’ livelihoods in the Democratic Republic of the Congo - European Commission,,"""I have a duty to protect the forest, as it feeds me and my family,"" says Thomas. The Ituri Forest, which Thomas Aseli speaks about with emotion, is located in the northeast of the Democratic Republic of the Congo and is a sacred place for the Mbuti Indigenous People.",INTERNATIONAL-PARTNERSHIPS,Positive,Bio-innovation Africa,English,"Poverty Alleviation, Indigenous Knowledge, Policy Development"
266,https://www.un.org/africarenewal/magazine/may-2022/hindou-ibrahim-living-harmony-nature,Hindou Ibrahim: Living in harmony with nature | Africa Renewal,2022-05-11,Hindou Ibrahim is highlighted for her efforts in living in harmony with nature on the Africa Renewal website. The website has moved to africarenewal.un.org. Ibrahim's work focuses on climate change and indigenous knowledge.,UN,Neutral,Bio-innovation Africa,English,"Poverty Alleviation, Private Sector Engagement, Sustainable Development, Indigenous Knowledge"
265,https://www.climateandforests-undp.org/knowledgeexchange,"Integration of Indigenous Peoples, local communities in REDD+ projects will uphold sustainability | Climate and Forests",2024-06-10,Integration of Indigenous Peoples and local communities in REDD+ projects will uphold sustainability. The integration of Indigenous Peoples and local communities into REDD+ projects in Africa is highlighted.,CLIMATEANDFORESTS-UNDP,Positive,ABS Capacity Development Initiative,English,"Sustainable Development, Indigenous Knowledge, Capacity Building, Policy Development"
264,https://www.ipacc.org.za/about/,ABOUT - The Indigenous Peoples of Africa Co-ordinating Committee,2019-07-08,"The Indigenous Peoples of Africa Co-ordinating Committee (IPACC) is a network of 135 indigenous peoples’ organisations in 20 African countries. It is a membership organisation with an Executive Committee representing six geographic and cultural regions in Africa, including a special regional representative of indigenous women.",IPACC,Neutral,ABS Capacity Development Initiative,English,Indigenous Knowledge
263,https://www.unccd.int/news-stories/statements/indigenous-peoples-dialog-climate-change-biodiversity-and-desertification,"Indigenous peoples' dialog on climate change, biodiversity and desertification | UNCCD",2020-10-06,"The soil on which we live, from which we feed ourselves and where we base our entire existence is one of humanity’s most precious assets that we cannot afford to lose. To satisfy our needs, we ought to recognize the interconnectedness of land with other natural resources.",UNCCD,Neutral,Bio-innovation Africa,English,"Private Sector Engagement, Indigenous Knowledge, Policy Development"
262,https://www.futureafrica.science/blog/news/empowering-africas-indigenous-communities-through-technology/,Empowering Africa's indigenous communities through technology,2023-08-08,"Empowering Africa's indigenous communities through technology. On August 9th each year, the world unites to honour and celebrate the International Day of the World’s Indigenous Peoples. This day is a crucial reminder of indigenous communities’ diverse cultures, rich traditions, and invaluable contributions to our global society.",FUTUREAFRICA,Neutral,Unknown Initiative,English,"Poverty Alleviation, Private Sector Engagement, Technology Transfer, Sustainable Development, Job Creation, Indigenous Knowledge, Value Chains"
261,https://www.fscindigenousfoundation.org/rights-recognition-and-economic-opportunities-for-indigenous-peoples-across-africa/,"Rights, recognition, and economic opportunities for Indigenous Peoples across Africa - FSC Indigenous Foundation",2024-10-25,"At COP16, the FSC Indigenous Foundation signed an agreement with the Indigenous Peoples of Africa Coordinating Committee (IPACC), the largest Indigenous Peoples' network in the world, consisting of 135 Indigenous Peoples. The agreement aims to promote rights, recognition, and economic opportunities for Indigenous Peoples across Africa.",FSCINDIGENOUSFOUNDATION,Positive,ABS Capacity Development Initiative,English,"Private Sector Engagement, Job Creation, Indigenous Knowledge"
260,https://sustainabledevelopment.un.org/index.php?page=view&type=400&nr=127&menu=1515,Infrastructure for Poverty Reduction and Economic Development in Africa .:. Sustainable Development Knowledge Platform,,Infrastructure for Poverty Reduction and Economic Development in Africa. Sustainable Development Knowledge Platform has been migrated to https://sdgs.un.org/.,SUSTAINABLEDEVELOPMENT,Positive,ABS Capacity Development Initiative,English,"Technology Transfer, Sustainable Development, Capacity Building"
259,https://www.imf.org/external/np/exr/ib/2000/120100.htm,Policies for Faster Growth and Poverty Reduction in Sub-Saharan Africa and the Role of the IMF -- An IMF Issues Brief,2000-11-30,"This IMF Issues Brief discusses policies for faster growth and poverty reduction in Sub-Saharan Africa, highlighting the role of the IMF. It covers initiatives such as the Poverty Reduction and Growth Facility (PRGF) and the Debt Initiative for the Heavily Indebted Poor Countries (HIPCs).",IMF,Positive,Unknown Initiative,English,"Poverty Alleviation, Private Sector Engagement, Technology Transfer, Sustainable Development, Job Creation, Capacity Building, Policy Development, Value Chains"
258,https://www.skees.org/project_category/poverty-alleviation/,Poverty Alleviation Archives | Skees Family Foundation,,"The African Entrepreneur Collective, a grantee of the Skees Family Foundation, works in Rwanda to support young entrepreneurs in Africa through a collection of incubators, accelerators, and investment funds.",SKEES,Positive,Unknown Initiative,English,"Poverty Alleviation, Private Sector Engagement, Technology Transfer, Job Creation, Capacity Building"
257,https://www.interacademies.org/publication/science-technology-innovation-food-security-poverty-alleviation-africa,"Science, Technology & Innovation for Food Security & Poverty Alleviation in Africa",2020-06-02,"The Fifteenth Annual Meeting of African Science Academies (AMASA-15) took place in Accra, Ghana on 13–16 November 2019. The main focus was on discussing how science, technology, and innovation can be used to address food security and poverty alleviation in Africa. The theme of the meeting was 'Science, Technology, and Innovation for Food Security & Poverty Alleviation in Africa'.",INTERACADEMIES,Neutral,Unknown Initiative,English,"Poverty Alleviation, Technology Transfer"
256,https://www.cfr.org/blog/innovating-africa-out-poverty,Innovating Africa Out of Poverty,2025-01-21,"Jennifer Spies, who led Facebook's product development for the Middle East and Africa, has experience in building products that connect communities. Prior to Facebook, she worked as a foreign policy advisor for Middle Eastern economic security.",CFR,Positive,Unknown Initiative,English,"Poverty Alleviation, Private Sector Engagement, Technology Transfer, Policy Development"
255,https://www.uneca.org/stories/blog-can-africa-eradicate-poverty%3F-lessons-from-china,BLOG: Can Africa Eradicate Poverty? Lessons from China | United Nations Economic Commission for Africa,,BLOG: Can Africa Eradicate Poverty? Lessons from China | United Nations Economic Commission for Africa. The blog discusses lessons that Africa can learn from China in eradicating poverty.,UNECA,Positive,Unknown Initiative,English,"Private Sector Engagement, Technology Transfer, Sustainable Development, Job Creation, Policy Development"
254,https://www.gatesfoundation.org/our-work/places/china/driving-agricultural-development-to-alleviate-poverty-in-african-countries,Driving agricultural development to alleviate poverty in African countries,,"Driving agricultural development to alleviate poverty in African countries. We work with governments, enterprises, and research institutes in China and Africa, as well as regional and international organizations, to help African smallholder farmers improve their productivity, nutrition, and income.",GATESFOUNDATION,Positive,Unknown Initiative,English,"Private Sector Engagement, Capacity Building, Policy Development, Value Chains"
253,https://villageenterprise.org/,Village Enterprise — Ending extreme poverty in rural Africa.,2022-03-07,Village Enterprise is a top-rated international NGO that focuses on ending extreme poverty in rural Africa through entrepreneurship. Their proven model has successfully lifted families out of extreme poverty and created lasting impact. Village Enterprise is backed by rigorous evidence and believes in building a sustainable future for all.,VILLAGEENTERPRISE,Positive,Unknown Initiative,English,"Poverty Alleviation, Private Sector Engagement, Technology Transfer, Sustainable Development"
252,https://www.linkedin.com/pulse/biodiversity-poverty-africa-inextricable-be0of,Biodiversity and poverty in Africa: An inextricable link,2024-05-18,"Biodiversity and poverty in Africa are closely linked. By addressing these issues, initiatives like Bio-innovation Africa aim to alleviate poverty, engage the private sector, transfer technology, promote sustainable development, utilize indigenous knowledge, build capacity, and develop policies.",LINKEDIN,Positive,Bio-innovation Africa,English,"Poverty Alleviation, Private Sector Engagement, Technology Transfer, Sustainable Development, Indigenous Knowledge, Capacity Building, Policy Development"
251,https://www.worldbank.org/en/region/afr/publication/accelerating-poverty-reduction-in-africa-in-five-charts,Accelerating Poverty Reduction in Africa: In Five Charts,2019-11-25,"Accelerating Poverty Reduction in Africa: In Five Charts
Where We Work
Home
This page in: English Français
Publication Date: October 9, 2019
Drawing on the latest evidence, a new World Bank report, Accelerating Poverty Reduction in Africa, revisits the challenges and opportunities to tackle poverty in the region.",WORLDBANK,Negative,Unknown Initiative,English,"Private Sector Engagement, Technology Transfer, Policy Development, Value Chains"
250,https://www.youtube.com/watch?v=5p3kxCEmYgo,- YouTube,2024-03-06,"YouTube is a platform owned by Google LLC that allows users to watch, upload, and share videos. It offers various features and policies to ensure privacy and safety for its users.",YOUTUBE,Neutral,Unknown Initiative,English,Policy Development
249,https://www.awf.org/news/international-day-biodiversity-how-awf-fuels-biodiversity-conservation-africa,International Day of Biodiversity: How AWF Fuels Biodiversity Conservation in Africa | African Wildlife Foundation,2024-05-22,"Africa, a vibrant tapestry of life, teems with diverse wildlife and ecosystems. This rich biodiversity is not just a source of beauty but a vital lifeline for local communities and economies. At the African Wildlife Foundation (AWF), we understand this intricate connection and champion the conservation and sustainable use of Africa’s irreplaceable biodiversity.",AWF,Positive,Bio-innovation Africa,English,"Biodiversity Conservation, Poverty Alleviation, Private Sector Engagement, Sustainable Development, Job Creation"
248,https://www.nature.com/articles/s41587-024-02187-2,Making genome editing a success story in Africa | Nature Biotechnology,2024-03-19,"Making genome editing a success story in Africa. Thank you for visiting nature.com. For the best experience, we recommend using a more up-to-date browser. Advertisement Subjects Developing world Molecular engineering Access through...",NATURE,Positive,Unknown Initiative,English,"Technology Transfer, Policy Development"
247,https://www.wri.org/update/sowing-success-16-african-entrepreneurs-reviving-land-and-growing-profits,Sowing Success: 16 African Entrepreneurs Reviving Land and Growing Profits | World Resources Institute,2024-10-10,"Sowing Success: 16 African Entrepreneurs are highlighted by the World Resources Institute for their efforts in reviving land and growing profits. The entrepreneurs are part of the Bio-innovation Africa initiative, focusing on themes such as poverty alleviation, private sector engagement, technology transfer, sustainable development, capacity building, and value chains.",WRI,Positive,Bio-innovation Africa,English,"Poverty Alleviation, Private Sector Engagement, Technology Transfer, Sustainable Development, Capacity Building, Value Chains"
246,https://m.facebook.com/story.php?story_fbid=1070760391756660&id=100064681270085,Facebook मध्‍ये लॉग इन करा,,"You must log in to continue on Facebook. Sign up for Facebook in Marathi, Hindi, Urdu, Gujarati, Kannada, Punjabi, Tamil, Bengali, Telugu, Malayalam, and English (UK). Log in to Messenger, Facebook Lite, Video, Meta Pay, Meta Store, Meta Quest, Ray-Ban, Meta AI, Instagram, Threads, Voting Information Center, Privacy Principles, Privacy Center, Advertisements, Create a Page, Developer Careers, Cookies, Advertisements, Help, and Settings.",M,Neutral,Unknown Initiative,English,Access and Benefit Sharing
245,https://www.icipe.org/news/bioinnovate-africa-phase-ii-launched,BioInnovate Africa phase II launched | icipe - International Centre of Insect Physiology and Ecology,2017-11-02,"BioInnovate Africa phase II launched on 2 November 2017 in Kigali, Rwanda. The BioInnovate Africa Programme, a regional innovation-driven science initiative, entered its second phase with increased funding from the Swedish International Development Agency.",ICIPE,Positive,ABS Capacity Development Initiative,English,"Private Sector Engagement, Technology Transfer, Sustainable Development, Policy Development"
244,https://www.terravivagrants.org/group-1-agriculture-fisheries-forestry/bioinnovate-africa/,BioInnovate Africa - Terra Viva Grants,2022-09-27,"The Terra Viva Grants Directory provides free funding information for agriculture, energy, environment, and natural resources in developing countries. BioInnovate Africa Grants support innovative biobased projects.",TERRAVIVAGRANTS,Positive,Unknown Initiative,English,"Poverty Alleviation, Private Sector Engagement, Technology Transfer, Sustainable Development, Capacity Building"
243,https://www.sei.org/publications/making-business-case-bioeconomy-africa/,Making the business case for a bioeconomy in Africa | SEI,2024-10-30,"Making the business case for a bioeconomy in Africa, as discussed in the ReSAKSS 2024 Annual Trends and Outlook Report. The report highlights the importance of advancing the Climate and Bioeconomy Agenda in Africa for resilient and sustainable agrifood systems. Key themes include private sector engagement, technology transfer, capacity building, policy development, and value chains.",SEI,Positive,Bio-innovation Africa,English,"Private Sector Engagement, Technology Transfer, Capacity Building, Policy Development, Value Chains"
242,https://www.mamopanel.org/resources/bioeconomy/reports-and-briefings/south-africa-case-study-natures-solutions-policy-i/,South Africa Case Study-Nature’s Solutions: Policy Innovations and Opportunities for Africa’s Bioeconomy,,"South Africa's policymakers have developed policies, strategies, and institutions to promote a transition to a bio-based economy, capitalizing on the country's natural wealth. This case study explores policy innovations and opportunities for Africa's bioeconomy.",MAMOPANEL,Positive,Unknown Initiative,English,"Technology Transfer, Policy Development"
241,https://bio.news/latest-news/bio-hosts-industry-and-government-leaders-in-africa-summit-side-event-targeting-cancer/,BIO hosts Africa Summit side event targeting cancer,2022-12-19,"The Biotechnology Innovation Organization (BIO) hosted a side event during the U.S.-Africa Leader's Summit focused on improving cancer patient outcomes in Africa through public-private partnerships. Leaders from industry and governments in the U.S. and Africa came together to collaborate against cancer, following the White House's announcement of plans to support Africa through the Cancer Moonshot initiative.",BIO,Positive,ABS Capacity Development Initiative,English,"Private Sector Engagement, Technology Transfer, Capacity Building, Policy Development"
240,https://www.biohealthinnovation.org/biohealth-news/biotalk-with-rich-bendis-podcast/15162-bringing-the-biohealth-capital-region-to-south-africa-a-conversation-with-global-innovators-on-biotalk,Biohealth Innovation - Bringing the BioHealth Capital Region to South Africa: A Conversation with Global Innovators on BioTalk,2024-08-19,"Biohealth Innovation - Bringing the BioHealth Capital Region to South Africa: A Conversation with Global Innovators on BioTalk. In this special episode of BioTalk, Rich Bendis, President and CEO of BioHealth Innovation, Inc., hosts a discussion with three guests from South Africa: Johann de Bruyn, CEO of TASK, Ethan Hunter, Chief Operations Officer at Immobazyme, and Dr. Carla Eksteen.",BIOHEALTHINNOVATION,Positive,Unknown Initiative,English,"Private Sector Engagement, Technology Transfer"
239,https://bvgh.org/,BIO Ventures for Global Health,2024-11-26,"BIO Ventures for Global Health strategically develops and manages programs across the for-profit and non-profit sectors to catalyze innovative research and development (R&D); expand research and healthcare capacity in low- and middle-income countries (LMICs); and increase access to high-quality health care. BVGH's Programs include the African Access Initiative (AAI) which is driven by Africa, for Africa, leveraging public-private partnerships to target the growing healthcare needs in the region.",BVGH,Neutral,ABS Capacity Development Initiative,English,"Private Sector Engagement, Technology Transfer"
238,https://www.nature.com/articles/d41586-024-02913-5,How to support Indigenous Peoples on biodiversity: be rigorous with data,2024-09-10,How to support Indigenous Peoples on biodiversity: be rigorous with data.,NATURE,Positive,Bio-innovation Africa,English,"Technology Transfer, Indigenous Knowledge, Policy Development"
237,https://panorama.solutions/en/solution/innovation-community-engagement-conservation-and-poverty-alleviation-icecopa,Innovation for Community Engagement in Conservation and Poverty Alleviation (ICECOPA) | PANORAMA,2020-09-25,Innovation for Community Engagement in Conservation and Poverty Alleviation (ICECOPA) is a project implemented under Tree Uganda Academy (TUA) aimed at inclusive conservation and poverty alleviation efforts. The project involves the Kibimbiri Rice Farmers Cooperative (KIRIFACO) and Buhoma Tree Academy Group in Uganda.,PANORAMA,Positive,ABS Capacity Development Initiative,English,"Biodiversity Conservation, Poverty Alleviation, Technology Transfer, Sustainable Development, Job Creation, Capacity Building, Policy Development"
236,https://www.icipe.org/news/icipe-announces-ten-new-bioinnovate-africa-grants-enable-scientists-create-biologically-based,icipe announces ten new BioInnovate Africa grants to enable scientists create biologically based ventures that foster a sustainable bioeconomy in eastern Africa | icipe - International Centre of Insect Physiology and Ecology,2022-12-19,icipe announces ten new BioInnovate Africa grants to enable scientists to create biologically based ventures that foster a sustainable bioeconomy in eastern Africa.,ICIPE,Positive,Bio-innovation Africa,English,"Poverty Alleviation, Private Sector Engagement, Technology Transfer, Sustainable Development, Policy Development"
235,https://www.iddri.org/en/publications-and-events/report/innovating-biodiversity-conservation-african-protected-areas-funding,Innovating for biodiversity conservation in african protected areas: funding and incentives | IDDRI,2012-01-01,"In October 2010, Parties to the Convention on Biological Diversity (CBD) adopted a Strategic Plan for Biodiversity. They agreed that by 2020 at least 17% of terrestrial areas should be conserved within effectively managed protected areas. Currently, coverage stands at 14.7%.",IDDRI,Positive,Bio-innovation Africa,English,"Biodiversity Conservation, Technology Transfer"
234,https://www.youtube.com/watch?v=yl6oG_3UAhA,- YouTube,2024-03-06,"YouTube is a platform owned by Google LLC that allows users to watch, upload, and share videos. It offers various features and policies to ensure privacy and safety for its users.",YOUTUBE,Neutral,Unknown Initiative,English,Policy Development
233,https://www.undp.org/africa/press-releases/advancing-biodiversity-conservation-10th-africa-regional-dialogue-biodiversity-finance,Advancing Biodiversity Conservation: 10th Africa Regional Dialogue on Biodiversity Finance | United Nations Development Programme,2024-04-05,"Advancing Biodiversity Conservation: 10th Africa Regional Dialogue on Biodiversity Finance | United Nations Development Programme. Participants gathered in Blantyre, Malawi from 3-5 April 2024 for the 10th Africa Regional Dialogue on Biodiversity Finance. The event highlighted the need for approximately US$ 950 billion annually for the restoration and protection of biodiversity.",UNDP,Positive,Bio-innovation Africa,English,"Biodiversity Conservation, Poverty Alleviation, Private Sector Engagement, Sustainable Development, Job Creation, Capacity Building"
232,https://www.biofin.org/news-and-media/advancing-biodiversity-conservation-10th-africa-regional-dialogue-biodiversity,Advancing Biodiversity Conservation: 10th Africa Regional Dialogue on Biodiversity Finance | BIOFIN,2024-04-03,"Advancing Biodiversity Conservation: 10th Africa Regional Dialogue on Biodiversity Finance will take place on 3 April 2024 in Blantyre, Malawi. Participants from various countries including Democratic Republic of the Congo, Egypt, Ethiopia, Kenya, Malawi, Namibia, Niger, United Republic of Tanzania, Botswana, Mozambique, and Rwanda will be attending.",BIOFIN,Positive,Bio-innovation Africa,English,"Biodiversity Conservation, Poverty Alleviation, Private Sector Engagement, Sustainable Development, Job Creation"
231,https://www.tetratech.com/projects/advancing-biodiversity-conservation-and-climate-mitigation-in-west-africa/,Advancing Biodiversity Conservation and Climate Mitigation in West Africa - Tetra Tech,2023-09-21,"Tetra Tech is working to advance biodiversity conservation and climate mitigation in West Africa by strengthening the capacity of national and regional partners. They are focusing on combating wildlife trafficking, implementing regional and transboundary biodiversity conservation strategies, and designing low emissions development strategies in the region's tropical forests.",TETRATECH,Neutral,Bio-innovation Africa,English,"Biodiversity Conservation, Poverty Alleviation"
230,https://www.awf.org/pressroom/awf-co-convenes-second-african-youth-summit-biodiversity-seeking-sustainable-innovations,AWF Co-convenes the Second African Youth Summit on Biodiversity Seeking Sustainable Innovations | African Wildlife Foundation,2023-09-22,"AWF co-convenes the Second African Youth Summit on Biodiversity seeking sustainable innovations. The summit focuses on themes such as biodiversity conservation, technology transfer, and sustainable development.",AWF,Positive,Bio-innovation Africa,English,"Biodiversity Conservation, Technology Transfer, Sustainable Development"
229,https://www.facebook.com/singularityu/posts/bio-informed-innovation-is-transforming-industries-far-beyond-traditional-biotec/1057621426404633/,Bio-informed innovation is... - Singularity University,,"Bio-informed innovation is transforming industries far beyond traditional biotechnology applications in healthcare and pharmaceuticals. By understanding and adapting nature’s time-tested solutions, organizations are developing breakthrough approaches to manufacturing, resource extraction, computing, and supply chain management.",FACEBOOK,Neutral,Unknown Initiative,English,"Technology Transfer, Sustainable Development, Value Chains"
228,https://www.sei.org/features/unlocking-africas-potential-through-bioeconomy-innovation/,Unlocking Africa’s potential through bioeconomy innovation | SEI,2024-10-22,"A key highlight of the summit will be the launch of ""The State of the Bioeconomy in Eastern Africa: 2024,"" a report co-prepared by SEI, the East African Science and Technology Commission (EASTECO), and the BioInnovate Africa programme. Building on the first edition published in 2022, the 2024 report focuses on food security and sustainable agriculture – two vital areas for the region’s future.",SEI,Positive,Bio-innovation Africa,English,"Poverty Alleviation, Private Sector Engagement, Technology Transfer, Sustainable Development, Job Creation, Capacity Building, Policy Development, Value Chains"
227,https://news.syenza.com/output-transforming-africa-through-healthcare-biotechnology-africa/,Transforming Africa through Healthcare Biotechnology Innovation - Syenza News,2025-01-16,"The article from Business Day, titled ""Healthcare biotechnology Africa: Major Drivers of Transformation,"" provides a comprehensive analysis of how healthcare biotechnology in Africa is pivotal for the continent's development.",NEWS,Neutral,Unknown Initiative,English,"Private Sector Engagement, Technology Transfer, Sustainable Development, Job Creation, Policy Development, Value Chains"
226,https://www.bioprocessonline.com/doc/africa-a-growing-hub-for-biotech-innovation-0001,Africa A Growing Hub For Biotech Innovation,2026-03-23,"Africa is emerging as a growing hub for biotech innovation, with efforts being made to change the perception of the continent in this field. Adrienne Leussa, Ph.D., is leading this charge with her expertise in biochemistry, drug discovery, education, and business.",BIOPROCESSONLINE,Neutral,ABS Capacity Development Initiative,English,"Private Sector Engagement, Technology Transfer, Capacity Building, Policy Development, Value Chains"
225,https://www.facebook.com/informantenam/photos/namibians-urged-to-take-advantage-of-bio-innovationmaria-davidminister-of-indust/805005608508501/,Facebook मध्‍ये लॉग इन करा,,"You must log in to continue on Facebook. Sign up for Facebook in Marathi, Hindi, Urdu, Gujarati, Kannada, Punjabi, Tamil, Bengali, Telugu, Malayalam, and English (UK). Log in to Messenger, Facebook Lite, Meta Pay, Meta Store, Meta Quest, Ray-Ban, Meta AI, Instagram, Threads, Voting Information Center, Privacy Principles, Privacy Center, Ad Preferences, Create Page, Create Developer Career, Cookies, Advertisements, Help, and Settings.",FACEBOOK,Neutral,Unknown Initiative,English,Access and Benefit Sharing
224,https://www.developmentaid.org/organizations/awards/view/147317/bioinnovation-africa-for-fair-benefit-sharing,DevelopmentAid,,"DevelopmentAid provides information and resources on Access and Benefit Sharing. To fully utilize the site, JavaScript must be enabled in your web browser.",DEVELOPMENTAID,Neutral,Unknown Initiative,English,Access and Benefit Sharing
223,https://wildhub.community/discussions/collaboration-opportunity-on-ancistrocladus-korupensis-for-the-bio-innovation-africa-project,WildHub,,"WildHub is a platform where conservation experts can collaborate with Conservation Catalysts to create content. The website offers resources on capacity development, well-being, resilience, diversity, equity, inclusion, and professional development. Users can participate in podcasts, webinars, discussions, courses, and project management for wildlife conservation.",WILDHUB,Neutral,ABS Capacity Development Initiative,English,Policy Development
222,https://www.mamopanel.org/resources/bioeconomy/reports-and-briefings/natures-solutions-policy-innovations-and-opportuni/,Nature’s Solutions: Policy Innovations and Opportunities for Africa’s Bioeconomy – Full Report,,"A transition to a bio-based economy can accelerate growth in productivity crucial for improving food security, nutrition, rural development, and overall economic growth in Africa. The report discusses policy innovations and opportunities for Africa's bioeconomy.",MAMOPANEL,Positive,Bio-innovation Africa,English,"Private Sector Engagement, Technology Transfer, Policy Development"
221,https://www.absci.com/abs-101-case-study/,ABS-101 Case Study | Absci,,"Absci has utilized their Integrated Drug Creation™ platform to progress from de novo design to a differentiated TL1A candidate in just 14 months. The potential best-in-class TL1A mAb for IBD offers an extended half-life and features both monomeric and trimeric binding. The journey from AI design to IND-enabling studies was completed within the 14-month timeframe. Currently, the focus is on targeting TL1A in IND-enabling studies.",ABSCI,Positive,ABS Capacity Development Initiative,English,Access and Benefit Sharing
220,https://acdis.org/resources/case-study-how-clinical-documentation-essentials-hospital-resident-helped-one-teaching,Case study: How Clinical Documentation Essentials for the Hospital Resident helped one teaching hospital | ACDIS,2017-07-26,Case study: How Clinical Documentation Essentials for the Hospital Resident helped one teaching hospital.,ACDIS,Positive,Unknown Initiative,English,Capacity Building
219,https://en.cdi.org.cn/component/k2/itemlist/category/41-2015,2015 - News - China Development Institute,2015-12-22,"In 2015, the China Development Institute had a meeting with the British Consul Economic in Guangzhou to discuss Shenzhen's priorities in the 13th Five-Year Plan and the development of the fintech industry.",EN,Positive,ABS Capacity Development Initiative,English,"Private Sector Engagement, Technology Transfer, Sustainable Development, Policy Development, Value Chains"
218,https://www.electroluxgroup.com/en/,Electrolux Group – Shape living for the better,2025-03-20,"Electrolux Group focuses on shaping living for the better through sustainability reporting, annual general meetings, and winning design awards. They aim to reduce water use in homes through initiatives like the 50L Home pilot. The company creates value and has been recognized for reducing indoor water usage by over 20%.",ELECTROLUXGROUP,Neutral,Unknown Initiative,English,"Private Sector Engagement, Sustainable Development"
217,https://www.cdiglobal.com/en/our-firm,CDI Global : Building success stories through lasting client relationships for 50 years. | CDI Global,2025-03-21,CDI Global provides middle-market advisory services with global success for 50 years. They are committed to delivering world-class service through long-term client relationships. Their international reach and core values have led to successful cross-border transactions. CDI Global is a leading international middle-market advisory firm.,CDIGLOBAL,Positive,Unknown Initiative,English,Private Sector Engagement
216,https://www.mayerbrown.com/en/insights/events/2024/06/global-abs-2024,Global ABS 2024 | Insights | Mayer Brown,2024-04-06,"Global ABS 2024 conference will take place in Barcelona on June 4-6, 2024. Mayer Brown's Structured Finance and Securitisation team, represented by partners Neil Hamilton and David O'Connor, will participate as panellists. Neil Hamilton will join the ""A Global Market Securitisation Regulation"" panel on June 4 at 3:10 p.m. - 4:00 p.m.",MAYERBROWN,Neutral,ABS Capacity Development Initiative,English,Private Sector Engagement
215,https://cdinternational.ca/contact-us/,Contact Us - CDI International Inc,2024-02-22,"Contact Us - CDI International Inc
Mailing Address: P.O. Box 5807, HIGH RIVER, AB T1V 1P3
Street Address: 450233 82nd Street East Aldersyde, AB T0L 0A0
Legal Land Description: 04-30-19-W4-Alberta
Department Contacts:
Owner/CEO: Roger Hamel - roger@cdinternational.ca
General Manager/Dispatch/Sales: Peter Hampton - peter@cdinternational.ca
Dispatch/Permits: Rebecca Malazdrewicz - rebecca@cdinternational.ca
Dispatch: Dale Locke - dale@cdinternational.ca
Customs Co-Ordinator: Cindy Ch...",CDINTERNATIONAL,Negative,Unknown Initiative,English,Private Sector Engagement
214,https://www.cdiglobal.com/,CDI Global - transforming global business through strategic mergers and acquisitions. | CDI Global,2025-03-21,"CDI Global provides middle-market advisory services with global success, focusing on strategic mergers and acquisitions. The firm is committed to delivering world-class service through long-term client relationships. With an international reach and core values, CDI Global has a history of successful cross-border transactions.",CDIGLOBAL,Positive,Unknown Initiative,English,Private Sector Engagement
213,https://www.cdiglobal.com/en,CDI Global - transforming global business through strategic mergers and acquisitions. | CDI Global,2025-03-21,"CDI Global provides middle-market advisory services with global success, focusing on strategic mergers and acquisitions. The firm is committed to delivering world-class service through long-term client relationships. With an international reach and core values, CDI Global has a history of successful cross-border transactions.",CDIGLOBAL,Positive,Unknown Initiative,English,Private Sector Engagement
212,https://www.cdicollege.ca/study-on-campus/alberta/admissions/international-students/,CDI College | Alberta | Career Training | Programs,1970-01-01,"CDI College in Alberta offers career training programs in various fields such as Art and Design, Business, Dental, Early Childhood Education, Healthcare, Legal, and Technology. The college has campuses in Calgary City Centre and Cal...",CDICOLLEGE,Positive,Unknown Initiative,English,"Private Sector Engagement, Capacity Building, Policy Development, Value Chains"
211,https://cdispaces.ca/community-impact,Community Impact - CDI Spaces,,"Community Impact - CDI Spaces focuses on elevating the human experience through design for employees and communities. They have been using their business as a force for good for over a century, designing with purpose and integrity to meet the needs of people and communities. They believe in partnering with integrity to bring out the best in others.",CDISPACES,Positive,ABS Capacity Development Initiative,English,"Private Sector Engagement, Sustainable Development, Capacity Building"
210,https://www.iadb.org/en,IDB | Inter American Development Bank,,"Inter American Development Bank Monitoring a City of Investments Cali, Colombia, is the first city in our region to implement an InvestmentMap platform, setting the bar for transparency and open government. The 2025 Annual Meetings On March 26-30, Chile will host the Annual Meetings of the IDB and IDB Invest. $1 Billion Fund to Boost Private Investment The Japan International Cooperation Agency (JICA) and...",IADB,Positive,ABS Capacity Development Initiative,English,"Private Sector Engagement, Technology Transfer"
209,https://cdi.coop/connecting-with-indigenous-people/,Connecting with the Past and the Future of Indigenous People – Cooperative Development Institute,2021-08-24,"In June of this year, CDI and CFNE staff and board members had the chance to participate in a workshop focused on connecting with the past and the future of Indigenous people.",CDI,Positive,Unknown Initiative,English,"Poverty Alleviation, Private Sector Engagement, Sustainable Development, Capacity Building"
208,https://www.provationmedical.com/blog/ways-to-ensure-clinical-documentation-improvement-cdi-success/,Ways to Ensure Clinical Documentation Improvement (CDI) Success,2019-11-15,"Hospitals and ASCs nationwide are implementing clinical documentation improvement (CDI) programs to maximize revenue, reduce medical coding and billing errors, and improve patient care. CDI programs offer multiple positive outcomes.",PROVATIONMEDICAL,Positive,Unknown Initiative,English,Capacity Building
207,https://www.facebook.com/photo.php?fbid=2597066680583415&id=1643688379254588&set=a.1643702812586478&locale=ro_RO,Facebook मध्‍ये लॉग इन करा,,"You must log in to continue on Facebook. Sign up for Facebook in Marathi, Hindi, Urdu, Gujarati, Kannada, Punjabi, Tamil, Bengali, Telugu, Malayalam, and English (UK). Log in to Messenger, Facebook Lite, Meta Pay, Meta Store, Meta Quest, Ray-Ban, Meta AI, Instagram, Threads, Voting Information Center, Privacy Principles, Privacy Center, Ad Preferences, Create a Page, Create a Developer Career, Cookies, Advertisements, Help, and Settings.",FACEBOOK,Neutral,Unknown Initiative,English,Access and Benefit Sharing
206,https://www.youtube.com/watch?v=mHPsygpeUT4,- YouTube,2024-03-06,"YouTube is a platform owned by Google LLC that allows users to watch, upload, and share videos. It offers various features and policies to ensure privacy and safety for its users.",YOUTUBE,Neutral,Unknown Initiative,English,Policy Development
205,https://www.beckershospitalreview.com/uncategorized/the-importance-of-baseline-metrics/,The Importance of Baseline Metrics - Becker's Hospital Review | Healthcare News & Analysis,2011-11-10,"The Importance of Baseline Metrics - Becker's Hospital Review | Healthcare News & Analysis
A CDI program should assist in creating medical documentation that most completely and accurately reflects the diagnoses, findings, treatments.",BECKERSHOSPITALREVIEW,Positive,ABS Capacity Development Initiative,English,"Private Sector Engagement, Technology Transfer, Capacity Building"
204,https://acmso.org/medical-scribing/what-are-the-benefits-of-clinical-documentation-improvement-cdi-acmso,Key Benefits of Clinical Documentation Improvement (CDI),,"Clinical Documentation Improvement (CDI) plays a crucial role in ensuring that healthcare records are accurate, comprehensive, and compliant with regulations. This not only enhances patient care but also improves financial stability, legal compliance, and research capabilities. With advancements in technology, CDI has evolved significantly.",ACMSO,Positive,ABS Capacity Development Initiative,English,"Technology Transfer, Policy Development"
203,https://riskspan.com/pre-issue-intex-cdi-files-loan-level-data/,"Enriching Pre-Issue Intex CDI Files with [Actual, Good] Loan-Level Data - RiskSpan",2024-03-05,"Enriching Pre-Issue Intex CDI Files with Loan-Level Data at RiskSpan involves various services such as Trend & Composition Analytics, Trading & Risk Analytics, Portfolio Risk, and more. They also offer consulting services in Data Solutions, Data Science, Data Quality Assurance, and Modeling Solutions.",RISKSPAN,Negative,Unknown Initiative,English,"Private Sector Engagement, Policy Development"
202,https://acdis.org/articles/guest-post-clinical-documentation-improvement-what-your-definition,Guest Post: Clinical Documentation Improvement: What is your definition? | ACDIS,2010-09-14,"Guest Post: Clinical Documentation Improvement: What is your definition? | ACDIS
The purpose of a CDI program is to initia...",ACDIS,Positive,Unknown Initiative,English,"Private Sector Engagement, Technology Transfer"
201,https://www.mfa.gov.cn/eng/zy/jj/GDI_140002/xw/202209/t20220922_10769721.html,Jointly Advancingâthe Global Development Initiative and Writingâa New Chapter for Common Development_Ministry of Foreign Affairs of the People's Republic of China,2022-09-21,"Jointly Advancing the Global Development Initiative and Writing a New Chapter for Common Development - Ministry of Foreign Affairs of the People's Republic of China. The Ministry's main responsibilities include managing diplomatic affairs, with top stories, speeches, and news updates available on their website. They also provide resources such as communiqués and information on foreign missions.",MFA,Positive,Unknown Initiative,English,"Sustainable Development, Capacity Building, Value Chains"
200,https://www.youtube.com/channel/UC5g9dV1w0Tn6lbFFCZracZw/playlists,ABS Biotrade - YouTube,2024-03-06,"ABS Biotrade is a YouTube channel that focuses on the ABS Capacity Development Initiative, with themes including Policy Development. The channel is managed by YouTube and owned by Google LLC.",YOUTUBE,Neutral,ABS Capacity Development Initiative,English,Policy Development
199,https://sdgs.un.org/partnerships/un-water-sdg-6-capacity-development-initiative,UN-Water SDG 6 Capacity Development Initiative | Department of Economic and Social Affairs,2023-12-31,"UN-Water SDG 6 Capacity Development Initiative by the Department of Economic and Social Affairs focuses on sustainable development goals, including private sector engagement, technology transfer, job creation, indigenous knowledge, capacity building, policy development, value chains, and benefit sharing.",SDGS,Positive,ABS Capacity Development Initiative,English,"Private Sector Engagement, Technology Transfer, Sustainable Development, Job Creation, Indigenous Knowledge, Capacity Building, Policy Development, Value Chains, Benefit Sharing"
198,https://www.youtube.com/watch?v=cNCTvW7IPI8,- YouTube,2024-03-06,"YouTube is a platform where users can watch and share videos. It is owned by Google LLC and operates under certain terms, policies, and safety guidelines. Users can also contact YouTube for copyright issues, advertising opportunities, and developer resources. The platform regularly updates its features to enhance user experience.",YOUTUBE,Neutral,Unknown Initiative,English,Policy Development
197,https://www.youtube.com/watch?app=desktop&v=qcABy5Ncdy0&t=564s,- YouTube,2024-03-06,"YouTube is a platform where users can watch, create, and share videos. It is owned by Google LLC and offers various features for creators and advertisers. The website also provides information on copyright, privacy policy, and safety measures.",YOUTUBE,Neutral,Unknown Initiative,English,Policy Development
196,https://www.youtube.com/watch?v=cmnlwVe7aho,- YouTube,2024-03-06,"YouTube is a platform where users can watch, share, and create videos. It is owned by Google LLC and offers various features for creators and viewers.",YOUTUBE,Neutral,Unknown Initiative,English,Policy Development
195,https://www.youtube.com/channel/UC5g9dV1w0Tn6lbFFCZracZw,ABS Biotrade - YouTube,2024-03-06,"ABS Biotrade is a YouTube channel associated with YouTube. It provides information about press, copyright, contact details, advertising, developer resources, terms of service, privacy policy, safety guidelines, and how YouTube operates. The channel also tests new features. © 2025 Google LLC.",YOUTUBE,Neutral,ABS Capacity Development Initiative,English,Policy Development
2,https://selectsiresbeef.com/bull/simmental/cdi-major-impact-280h/,CDI Major Impact 280H - Select Sires Beef,2022-01-24,"CDI Major Impact 280H is a powerful ""cow sire"" recently added to the Select Sires Beef lineup. He is known for his high-ranking growth, elevated performance, and product-oriented traits. Major Impact excels in maternal numbers while maintaining a sensible frame size, calving ease, and birth weight EPDs. He is a son of LCDR Impact 134F, a high-selling Sugar C4 son.",SELECTSIRESBEEF,Neutral,Unknown Initiative,English,Access and Benefit Sharing
1,https://www.nordicglobal.com/blog/top-benefits-of-clinical-documentation-integrity-cdi,Top benefits of Clinical Documentation Integrity (CDI),2025-03-14,"Top benefits of Clinical Documentation Integrity (CDI) By Kauser Khan, Senior Manager, Transformation and Innovation Services / March 14, 2025 As the healthcare industry navigates new and existing challenges, Clinical Documentation Integrity (CDI) has become more essential than ever. By helping hospitals and health systems manage the complexities of value-based care.",NORDICGLOBAL,Positive,Unknown Initiative,English,"Private Sector Engagement, Technology Transfer, Sustainable Development"
